{
	"credit": "Made with Blockbench",
	"texture_size": [32, 32],
	"textures": {
		"0": "block/red_mushroom_model",
		"particle": "block/red_mushroom_model"
	},
	"elements": [
		{
			"from": [7, 0, 7],
			"to": [9, 5, 9],
			"faces": {
				"north": {"uv": [8, 3, 9, 6], "texture": "#0"},
				"east": {"uv": [4, 8, 5, 11], "texture": "#0"},
				"south": {"uv": [5, 8, 6, 11], "texture": "#0"},
				"west": {"uv": [6, 8, 7, 11], "texture": "#0"},
				"up": {"uv": [10, 4.5, 9, 3.5], "texture": "#0"},
				"down": {"uv": [10, 4.5, 9, 5.5], "texture": "#0"}
			}
		},
		{
			"from": [5, 5, 5],
			"to": [11, 7, 11],
			"faces": {
				"north": {"uv": [4, 0, 8, 1], "texture": "#0"},
				"east": {"uv": [4, 1, 8, 2], "texture": "#0"},
				"south": {"uv": [4, 2, 8, 3], "texture": "#0"},
				"west": {"uv": [4, 3, 8, 4], "texture": "#0"},
				"up": {"uv": [4, 4, 0, 0], "texture": "#0"},
				"down": {"uv": [4, 4, 0, 8], "texture": "#0"}
			}
		},
		{
			"from": [4, 4, 5],
			"to": [5, 6, 11],
			"faces": {
				"north": {"uv": [9, 7, 9.5, 8], "texture": "#0"},
				"east": {"uv": [4, 4, 8, 5], "texture": "#0"},
				"south": {"uv": [9, 8, 9.5, 9], "texture": "#0"},
				"west": {"uv": [4, 5, 8, 6], "texture": "#0"},
				"up": {"uv": [8.5, 10, 8, 6], "texture": "#0"},
				"down": {"uv": [7.5, 8, 7, 12], "texture": "#0"}
			}
		},
		{
			"from": [5, 4, 11],
			"to": [11, 6, 12],
			"faces": {
				"north": {"uv": [4, 6, 8, 7], "texture": "#0"},
				"east": {"uv": [9, 9, 9.5, 10], "texture": "#0"},
				"south": {"uv": [4, 7, 8, 8], "texture": "#0"},
				"west": {"uv": [0, 9.5, 0.5, 10.5], "texture": "#0"},
				"up": {"uv": [12.5, 6.5, 8.5, 6], "texture": "#0"},
				"down": {"uv": [12.5, 6.5, 8.5, 7], "texture": "#0"}
			}
		},
		{
			"from": [11, 4, 5],
			"to": [12, 6, 11],
			"faces": {
				"north": {"uv": [0.5, 9.5, 1, 10.5], "texture": "#0"},
				"east": {"uv": [0, 8, 4, 9], "texture": "#0"},
				"south": {"uv": [1, 9.5, 1.5, 10.5], "texture": "#0"},
				"west": {"uv": [8, 0, 12, 1], "texture": "#0"},
				"up": {"uv": [8, 12, 7.5, 8], "texture": "#0"},
				"down": {"uv": [9, 7, 8.5, 11], "texture": "#0"}
			}
		},
		{
			"from": [5, 4, 4],
			"to": [11, 6, 5],
			"faces": {
				"north": {"uv": [8, 1, 12, 2], "texture": "#0"},
				"east": {"uv": [1.5, 9.5, 2, 10.5], "texture": "#0"},
				"south": {"uv": [8, 2, 12, 3], "texture": "#0"},
				"west": {"uv": [2, 9.5, 2.5, 10.5], "texture": "#0"},
				"up": {"uv": [4, 9.5, 0, 9], "texture": "#0"},
				"down": {"uv": [13, 3, 9, 3.5], "texture": "#0"}
			}
		}
	],
	"groups": [
		{
			"name": "red_mushroom",
			"origin": [8, 8, 8],
			"color": 0,
			"children": [
				{
					"name": "caule",
					"origin": [8, 8, 8],
					"color": 0,
					"children": [0]
				},
				{
					"name": "chapeu",
					"origin": [8, 8, 8],
					"color": 0,
					"children": [1, 2, 3, 4, 5]
				}
			]
		}
	]
}