{
	"credit": "Made with Blockbench",
	"texture_size": [32, 32],
	"textures": {
		"1": "item/totem_of_undying",
		"particle": "totem_of_undying"
	},
	"elements": [
		{
			"from": [6, 0, 6],
			"to": [10, 1, 10],
			"rotation": {"angle": 0, "axis": "y", "origin": [7, 0, 7]},
			"faces": {
				"north": {"uv": [3, 14, 5, 14.5], "texture": "#1"},
				"east": {"uv": [14, 4, 16, 4.5], "texture": "#1"},
				"south": {"uv": [14, 4.5, 16, 5], "texture": "#1"},
				"west": {"uv": [14, 5, 16, 5.5], "texture": "#1"},
				"up": {"uv": [5, 14, 3, 12], "texture": "#1"},
				"down": {"uv": [14, 4, 12, 6], "texture": "#1"}
			}
		},
		{
			"from": [5, 1, 6],
			"to": [11, 3, 10],
			"rotation": {"angle": 0, "axis": "y", "origin": [7, 1, 7]},
			"faces": {
				"north": {"uv": [12, 6, 15, 7], "texture": "#1"},
				"east": {"uv": [5, 12, 7, 13], "texture": "#1"},
				"south": {"uv": [12, 7, 15, 8], "texture": "#1"},
				"west": {"uv": [12, 8, 14, 9], "texture": "#1"},
				"up": {"uv": [15, 2, 12, 0], "texture": "#1"},
				"down": {"uv": [15, 2, 12, 4], "texture": "#1"}
			}
		},
		{
			"from": [4, 3, 5],
			"to": [12, 8, 11],
			"rotation": {"angle": 0, "axis": "y", "origin": [7, 2, 7]},
			"faces": {
				"north": {"uv": [8, 6, 12, 8.5], "texture": "#1"},
				"east": {"uv": [7, 11, 10, 13.5], "texture": "#1"},
				"south": {"uv": [8, 8.5, 12, 11], "texture": "#1"},
				"west": {"uv": [10, 11, 13, 13.5], "texture": "#1"},
				"up": {"uv": [12, 3, 8, 0], "texture": "#1"},
				"down": {"uv": [12, 3, 8, 6], "texture": "#1"}
			}
		},
		{
			"from": [12, 6, 7],
			"to": [15, 8, 9],
			"rotation": {"angle": 0, "axis": "y", "origin": [15, 2, 7]},
			"faces": {
				"north": {"uv": [5, 13, 6.5, 14], "texture": "#1"},
				"east": {"uv": [3, 11, 4, 12], "texture": "#1"},
				"south": {"uv": [13, 11, 14.5, 12], "texture": "#1"},
				"west": {"uv": [5, 14, 6, 15], "texture": "#1"},
				"up": {"uv": [14.5, 13, 13, 12], "texture": "#1"},
				"down": {"uv": [14.5, 13, 13, 14], "texture": "#1"}
			}
		},
		{
			"from": [12, 5, 7],
			"to": [14, 6, 9],
			"rotation": {"angle": 0, "axis": "y", "origin": [15, 0, 7]},
			"faces": {
				"north": {"uv": [7, 10.5, 8, 11], "texture": "#1"},
				"east": {"uv": [14, 5.5, 15, 6], "texture": "#1"},
				"south": {"uv": [9, 14.5, 10, 15], "texture": "#1"},
				"west": {"uv": [10, 14.5, 11, 15], "texture": "#1"},
				"up": {"uv": [15, 9, 14, 8], "texture": "#1"},
				"down": {"uv": [13.5, 14, 12.5, 15], "texture": "#1"}
			}
		},
		{
			"from": [2, 5, 7],
			"to": [4, 6, 9],
			"rotation": {"angle": 0, "axis": "y", "origin": [5, 0, 7]},
			"faces": {
				"north": {"uv": [11, 14.5, 12, 15], "texture": "#1"},
				"east": {"uv": [14.5, 11, 15.5, 11.5], "texture": "#1"},
				"south": {"uv": [14.5, 11.5, 15.5, 12], "texture": "#1"},
				"west": {"uv": [14.5, 12, 15.5, 12.5], "texture": "#1"},
				"up": {"uv": [5, 15.5, 4, 14.5], "texture": "#1"},
				"down": {"uv": [7, 14.5, 6, 15.5], "texture": "#1"}
			}
		},
		{
			"from": [1, 6, 7],
			"to": [4, 8, 9],
			"rotation": {"angle": 0, "axis": "y", "origin": [4, 2, 7]},
			"faces": {
				"north": {"uv": [6.5, 13.5, 8, 14.5], "texture": "#1"},
				"east": {"uv": [13.5, 14, 14.5, 15], "texture": "#1"},
				"south": {"uv": [8, 13.5, 9.5, 14.5], "texture": "#1"},
				"west": {"uv": [3, 14.5, 4, 15.5], "texture": "#1"},
				"up": {"uv": [11, 14.5, 9.5, 13.5], "texture": "#1"},
				"down": {"uv": [12.5, 13.5, 11, 14.5], "texture": "#1"}
			}
		},
		{
			"from": [4, 8, 4],
			"to": [12, 14, 12],
			"rotation": {"angle": 0, "axis": "y", "origin": [7, 7, 7]},
			"faces": {
				"north": {"uv": [4, 0, 8, 3], "texture": "#1"},
				"east": {"uv": [4, 3, 8, 6], "texture": "#1"},
				"south": {"uv": [4, 6, 8, 9], "texture": "#1"},
				"west": {"uv": [0, 8, 4, 11], "texture": "#1"},
				"up": {"uv": [4, 4, 0, 0], "texture": "#1"},
				"down": {"uv": [4, 4, 0, 8], "texture": "#1"}
			}
		},
		{
			"from": [7, 7, 3],
			"to": [9, 10, 5],
			"rotation": {"angle": 0, "axis": "y", "origin": [7, 7, 0]},
			"faces": {
				"north": {"uv": [7, 9, 8, 10.5], "texture": "#1"},
				"east": {"uv": [0, 14, 1, 15.5], "texture": "#1"},
				"south": {"uv": [1, 14, 2, 15.5], "texture": "#1"},
				"west": {"uv": [2, 14, 3, 15.5], "texture": "#1"},
				"up": {"uv": [8, 15.5, 7, 14.5], "texture": "#1"},
				"down": {"uv": [9, 14.5, 8, 15.5], "texture": "#1"}
			}
		},
		{
			"from": [5, 14, 5],
			"to": [11, 15, 11],
			"rotation": {"angle": 0, "axis": "y", "origin": [7, 13, 7]},
			"faces": {
				"north": {"uv": [12, 9, 15, 9.5], "texture": "#1"},
				"east": {"uv": [12, 9.5, 15, 10], "texture": "#1"},
				"south": {"uv": [12, 10, 15, 10.5], "texture": "#1"},
				"west": {"uv": [12, 10.5, 15, 11], "texture": "#1"},
				"up": {"uv": [7, 12, 4, 9], "texture": "#1"},
				"down": {"uv": [3, 11, 0, 14], "texture": "#1"}
			}
		}
	],
	"display": {
		"thirdperson_righthand": {
			"rotation": [-31, 132, 19],
			"translation": [0, 2.5, 0],
			"scale": [0.4, 0.4, 0.4]
		},
		"thirdperson_lefthand": {
			"rotation": [-31, 132, 19],
			"translation": [0, 2.5, 0],
			"scale": [0.4, 0.4, 0.4]
		},
		"firstperson_righthand": {
			"rotation": [9, 117, 0],
			"translation": [0, 3, 0],
			"scale": [0.6, 0.6, 0.6]
		},
		"firstperson_lefthand": {
			"rotation": [9, 117, 0],
			"translation": [0, 3, 0],
			"scale": [0.6, 0.6, 0.6]
		},
		"ground": {
			"translation": [0, 0.75, 0],
			"scale": [0.57, 0.57, 0.57]
		},
		"gui": {
			"rotation": [31, -145, 0],
			"scale": [0.94, 0.94, 0.94]
		}
	}
}